timestamp,queries_per_second
2024-11-08T15:12:21,0
2024-11-08T15:12:44,0
2024-11-08T15:13:05,0
2024-11-08T15:13:28,0
2024-11-08T15:13:50,0
2024-11-08T15:14:12,0
2024-11-08T15:14:34,0
2024-11-08T15:14:57,0
2024-11-08T15:15:19,0
2024-11-08T15:15:42,0
2024-11-08T15:16:04,0
2024-11-08T15:16:26,0
2024-11-08T15:16:49,0
2024-11-08T15:17:12,0
2024-11-08T15:17:34,0
2024-11-08T15:17:56,0
2024-11-08T15:18:18,0
2024-11-08T15:18:41,0
2024-11-08T15:19:03,0
2024-11-08T15:19:25,0
2024-11-08T15:19:48,0
2024-11-08T15:20:10,0
2024-11-08T15:20:32,0
2024-11-08T15:20:54,0
2024-11-08T15:21:17,0
2024-11-08T15:21:40,0
2024-11-08T15:22:02,0
2024-11-08T15:22:25,0
2024-11-08T15:22:47,0
2024-11-08T15:23:10,0
2024-11-08T15:23:32,0
2024-11-08T15:23:55,0
2024-11-08T15:24:17,0
2024-11-08T15:24:39,0
2024-11-08T15:25:02,0
2024-11-08T15:25:24,0
2024-11-08T15:25:47,0
2024-11-08T15:26:09,0
2024-11-08T15:26:32,0
2024-11-08T15:26:54,0
2024-11-08T15:27:17,0
2024-11-08T15:27:39,0
2024-11-08T15:28:01,0
2024-11-08T15:28:24,0
2024-11-08T15:28:46,0
2024-11-08T15:29:09,0
2024-11-08T15:29:31,0
2024-11-08T15:29:53,0
2024-11-08T15:30:16,0
2024-11-08T15:30:38,0
2024-11-08T15:31:00,0
2024-11-08T15:31:23,0
2024-11-08T15:31:45,0
2024-11-08T15:32:08,0
2024-11-08T15:32:30,0
2024-11-08T15:32:52,0
2024-11-08T15:33:14,0
2024-11-08T15:33:37,0
2024-11-08T15:33:59,0
2024-11-08T15:34:21,0
2024-11-08T15:34:44,0
2024-11-08T15:35:06,0
2024-11-08T15:35:29,0
2024-11-08T15:35:51,0
2024-11-08T15:36:13,0
2024-11-08T15:36:36,0
2024-11-08T15:36:58,0
2024-11-08T15:37:21,0
2024-11-08T15:37:44,0
2024-11-08T15:38:06,0
2024-11-08T15:38:28,0
2024-11-08T15:38:50,0
2024-11-08T15:39:13,0
2024-11-08T15:39:36,0
2024-11-08T15:39:58,0
2024-11-08T15:40:22,0
2024-11-08T15:40:44,0
2024-11-08T15:41:06,0
2024-11-08T15:41:28,0
2024-11-08T15:41:51,0
2024-11-08T15:42:13,0
2024-11-08T15:42:35,0
2024-11-08T15:42:58,0
2024-11-08T15:43:21,0
2024-11-08T15:43:44,0
2024-11-08T15:44:06,0
2024-11-08T15:44:28,0
2024-11-08T15:44:51,0
2024-11-08T15:45:13,0
2024-11-08T15:45:35,0
2024-11-08T15:45:58,0
2024-11-08T15:46:20,0
2024-11-08T15:46:42,0
2024-11-08T15:47:05,0
2024-11-08T15:47:27,0
2024-11-08T15:47:49,0
2024-11-08T15:48:12,0
2024-11-08T15:48:34,0
2024-11-08T15:48:56,0
2024-11-08T15:49:18,0
2024-11-08T15:49:41,0
2024-11-08T15:50:03,0
2024-11-08T15:50:26,0
2024-11-08T15:50:48,0
2024-11-08T15:51:10,0
2024-11-08T15:51:32,0
2024-11-08T15:51:54,0
2024-11-08T15:52:17,0
2024-11-08T15:52:39,0
2024-11-08T15:53:01,0
2024-11-08T15:53:24,0
2024-11-08T15:53:46,0
2024-11-08T15:54:09,0
2024-11-08T15:54:31,0
2024-11-08T15:54:53,0
2024-11-08T15:55:16,0
2024-11-08T15:55:38,0
2024-11-08T15:56:00,0
2024-11-08T15:56:23,0
2024-11-08T15:56:45,0
2024-11-08T15:57:07,0
2024-11-08T15:57:29,0
